{"cameraMode":{"drawMode":0,"name":"Shaded","section":"Shading Mode"},"sceneLighting":true,"audioPlay":false,"sceneViewState":{"showFog":true,"showMaterialUpdate":false,"showSkybox":true,"showFlares":true,"showImageEffects":true,"showParticleSystems":true,"showVisualEffectGraphs":true,"m_FxEnabled":true},"in2DMode":false,"pivot":{"x":-1.3819293975830079,"y":-0.5018205642700195,"z":-0.1466827392578125},"rotation":{"x":0.013767101801931858,"y":0.962019681930542,"z":-0.2681218683719635,"w":0.04939587041735649},"size":23.929048538208009,"orthographic":false}